{
  "configurePresets": [
    {
      "binaryDir": "${sourceDir}/build",
      "cacheVariables": {
        "CMAKE_BUILD_TYPE": {
          "type": "STRING",
          "value": "Debug"
        },
        "CMAKE_INTERPROCEDURAL_OPTIMIZATION": {
          "type": "BOOL",
          "value": "ON"
        },
        "CMAKE_INTERPROCEDURAL_OPTIMIZATION_DEBUG": {
          "type": "BOOL",
          "value": "OFF"
        }
      },
      "errors": {
        "deprecated": true
      },
      "hidden": true,
      "name": "cmake-dev",
      "warnings": {
        "deprecated": true,
        "dev": true
      }
    },
    {
      "cacheVariables": {
        "CMAKE_TOOLCHAIN_FILE": {
          "type": "STRING",
          "value": "$env{VCPKG_INSTALLATION_ROOT}/scripts/buildsystems/vcpkg.cmake"
        }
      },
      "hidden": true,
      "name": "vcpkg"
    },
    {
      "cacheVariables": {
        "CMAKE_MSVC_RUNTIME_LIBRARY": {
          "type": "STRING",
          "value": "MultiThreaded$<$<CONFIG:Debug>:Debug>DLL"
        },
        "VCPKG_TARGET_TRIPLET": {
          "type": "STRING",
          "value": "x64-windows-static-md"
        }
      },
      "hidden": true,
      "name": "windows"
    },
    {
      "architecture": {
        "strategy": "set",
        "value": "x64"
      },
      "cacheVariables": {
        "CMAKE_CXX_FLAGS": "/EHsc /MP /W4 /WX"
      },
      "generator": "Visual Studio 17 2022",
      "inherits": [
        "cmake-dev",
        "vcpkg",
        "windows"
      ],
      "name": "vs2022-windows",
      "toolset": "v143"
    }
  ],
  "version": 3
}
